{
    "directional_light": {
        "ambient": [
            0.03999999910593033,
            0.03999999910593033,
            0.04500000178813934
        ],
        "diffuse": [
            0.2800000011920929,
            0.25999999046325684,
            0.2199999988079071
        ],
        "direction": [
            -0.6499999761581421,
            -0.550000011920929,
            -0.3799999952316284
        ],
        "specular": [
            0.07999999821186066,
            0.07000000029802322,
            0.05999999865889549
        ],
        "strength": 2.38100004196167
    },
    "environment": {
        "global_ambient": [
            0.03500000014901161,
            0.03400000184774399,
            0.03999999910593033
        ],
        "name": "Scene",
        "point_light_strength": 0.6970000267028809,
        "spot_light_strength": 0.9190000295639038
    },
    "point_lights": [
        {
            "color": [
                1.0,
                0.4020000100135803,
                0.15000000596046448
            ],
            "comment": "WarmLight.001",
            "constant": 1.0,
            "intensity": 0.11999999731779099,
            "linear": 0.18000000715255737,
            "position": [
                -1.5099999904632568,
                4.934999942779541,
                -0.30000001192092896
            ],
            "quadratic": 0.12000000476837158
        },
        {
            "color": [
                1.0,
                0.40299999713897705,
                0.15000000596046448
            ],
            "comment": "WarmLight.002",
            "constant": 1.0,
            "intensity": 0.11999999731779099,
            "linear": 0.18000000715255737,
            "position": [
                1.4110000133514404,
                4.934999942779541,
                -0.30000001192092896
            ],
            "quadratic": 0.12000000476837158
        },
        {
            "color": [
                0.9010000228881836,
                0.9480000138282776,
                1.0
            ],
            "comment": "WarmLight.003",
            "constant": 1.0,
            "intensity": 0.25,
            "linear": 0.18000000715255737,
            "position": [
                6.693999767303467,
                6.875,
                0.7620000243186951
            ],
            "quadratic": 0.12000000476837158
        },
        {
            "color": [
                0.8510000109672546,
                0.9319999814033508,
                1.0
            ],
            "comment": "WarmLight.004",
            "constant": 1.0,
            "intensity": 0.11999999731779099,
            "linear": 0.18000000715255737,
            "position": [
                0.414000004529953,
                12.312000274658203,
                23.277999877929688
            ],
            "quadratic": 0.12000000476837158
        },
        {
            "color": [
                0.9399999976158142,
                1.0,
                0.8820000290870667
            ],
            "comment": "WarmLight.005",
            "constant": 1.0,
            "intensity": 0.44999998807907104,
            "linear": 0.18000000715255737,
            "position": [
                -0.06700000166893005,
                12.809000015258789,
                -27.68199920654297
            ],
            "quadratic": 0.12000000476837158
        },
        {
            "color": [
                0.8510000109672546,
                0.9319999814033508,
                1.0
            ],
            "comment": "WarmLight.006",
            "constant": 1.0,
            "intensity": 0.25,
            "linear": 0.18000000715255737,
            "position": [
                -6.794000148773193,
                6.875,
                0.7620000243186951
            ],
            "quadratic": 0.12000000476837158
        },
        {
            "color": [
                0.9279999732971191,
                1.0,
                0.9240000247955322
            ],
            "comment": "WarmLight.007",
            "constant": 1.0,
            "intensity": 0.44999998807907104,
            "linear": 0.18000000715255737,
            "position": [
                -0.06700000166893005,
                12.074000358581543,
                30.548999786376953
            ],
            "quadratic": 0.12000000476837158
        },
        {
            "color": [
                0.8510000109672546,
                0.9319999814033508,
                1.0
            ],
            "comment": "WarmLight.008",
            "constant": 1.0,
            "intensity": 0.11999999731779099,
            "linear": 0.18000000715255737,
            "position": [
                0.414000004529953,
                12.312000274658203,
                -24.341999053955078
            ],
            "quadratic": 0.12000000476837158
        }
    ]
}
